run_id,level,t_s,running,waiting,kv_usage
20260926T191929Z,1,0.3739513000000443,0.0,0.0,0.0
20260926T191929Z,1,1.84282329999769,1.0,0.0,0.013489662128088775
20260926T191929Z,1,3.134894199996779,1.0,0.0,0.014246091780131143
20260926T191929Z,1,4.355150199997297,0.0,0.0,0.0
20260926T191929Z,1,5.654300099999091,1.0,0.0,0.02092788703983861
20260926T191929Z,1,6.8644229999990785,1.0,0.0,0.02155824508320725
20260926T191929Z,1,8.062792400000035,1.0,0.0,0.022062531517902162
20260926T191929Z,1,9.35553599999912,0.0,0.0,0.0
20260926T191929Z,1,10.522069599999668,1.0,0.0,0.020045385779122515
20260926T191929Z,1,11.794698899997456,1.0,0.0,0.020675743822491155
20260926T191929Z,1,13.056109299999662,1.0,0.0,0.021306101865859794
20260926T191929Z,1,14.227283899999748,1.0,0.0,0.019541099344427604
20260926T191929Z,1,15.422051699999429,1.0,0.0,0.020171457387796243
20260926T191929Z,1,16.604601699997147,1.0,0.0,0.020801815431164883
20260926T191929Z,1,17.80254639999839,0.0,0.0,0.0
20260926T191929Z,1,19.039772999996785,1.0,0.0,0.019919314170448787
20260926T191929Z,1,20.26862699999765,1.0,0.0,0.020549672213817427
20260926T191929Z,1,21.44715489999726,1.0,0.0,0.021180030257186067
20260926T191929Z,1,22.624696299997595,1.0,0.0,0.021684316691880978
20260926T191929Z,1,23.8215952999999,0.0,0.0,0.0
20260926T191929Z,1,25.022938799997064,0.0,0.0,0.0
20260926T191929Z,1,26.191738699999405,0.0,0.0,0.0
20260926T191929Z,1,27.379250999998476,1.0,0.0,0.08371154815935455
20260926T191929Z,1,28.612085799999477,1.0,0.0,0.08421583459404947
20260926T191929Z,1,29.934924999997747,1.0,0.0,0.08472012102874438
20260926T191929Z,1,31.16389199999685,0.0,0.0,0.0
20260926T191929Z,1,32.32976549999876,0.0,0.0,0.0
20260926T191929Z,1,33.494425499997305,1.0,0.0,0.020171457387796243
20260926T191929Z,1,34.68789719999768,1.0,0.0,0.020675743822491155
20260926T191929Z,1,35.86176699999851,1.0,0.0,0.021306101865859794
20260926T191929Z,1,37.037306199999875,1.0,0.0,0.021810388300554706
20260926T191929Z,1,38.25535729999683,1.0,0.0,0.015128593040847238
20260926T191929Z,1,39.446228699998755,1.0,0.0,0.01563287947554215
20260926T191929Z,1,40.63573849999739,1.0,0.0,0.01626323751891079
20260926T191929Z,1,41.9619531999997,0.0,0.0,0.0
20260926T191929Z,1,43.133473799996864,1.0,0.0,0.01966717095310133
20260926T191929Z,1,44.309554799998295,1.0,0.0,0.02029752899646997
20260926T191929Z,1,45.50243219999902,1.0,0.0,0.020801815431164883
20260926T191929Z,1,46.72865499999898,0.0,0.0,0.0
20260926T191929Z,1,48.061067299997376,1.0,0.0,0.015128593040847238
20260926T191929Z,1,49.264145299999655,1.0,0.0,0.015758951084215878
20260926T191929Z,1,50.463083099999494,1.0,0.0,0.016389309127584517
20260926T191929Z,1,51.67605579999872,1.0,0.0,0.015128593040847238
20260926T191929Z,1,52.907397999999375,1.0,0.0,0.015758951084215878
20260926T191929Z,1,54.145034499997564,0.0,0.0,0.0
20260926T191929Z,1,55.420562499999505,1.0,0.0,0.015128593040847238
20260926T191929Z,1,56.6142906999994,1.0,0.0,0.015758951084215878
20260926T191929Z,1,57.77978539999822,0.0,0.0,0.0
20260926T191929Z,1,58.975873699997464,1.0,0.0,0.015380736258194694
20260926T191929Z,1,60.15127059999941,1.0,0.0,0.015885022692889605
20260926T191929Z,1,61.395004699999845,0.0,0.0,0.0
20260926T191929Z,1,62.5768302999968,1.0,0.0,0.01966717095310133
20260926T191929Z,1,63.768210199999885,1.0,0.0,0.020171457387796243
20260926T191929Z,1,64.99629110000024,1.0,0.0,0.020801815431164883
20260926T191929Z,1,66.19623219999994,0.0,0.0,0.0
20260926T191929Z,1,67.43108909999864,0.0,0.0,0.0
20260926T191929Z,1,68.69135109999843,0.0,0.0,0.0
20260926T191929Z,1,69.95332189999681,1.0,0.0,0.05698436712052446
20260926T191929Z,1,71.12310979999893,1.0,0.0,0.05748865355521937
20260926T191929Z,1,72.33048280000003,1.0,0.0,0.05799293998991428
20260926T191929Z,1,73.50084319999951,1.0,0.0,0.05862329803328292
20260926T191929Z,1,74.69576469999811,1.0,0.0,0.059127584467977834
20260926T191929Z,1,76.0932823999974,0.0,0.0,0.0
20260926T191929Z,1,77.33065559999886,1.0,0.0,0.015254664649520966
20260926T191929Z,1,78.58258919999935,1.0,0.0,0.015885022692889605
20260926T191929Z,1,79.78839049999806,1.0,0.0,0.016389309127584517
20260926T191929Z,1,80.96629849999954,0.0,0.0,0.0
20260926T191929Z,1,82.18452579999939,1.0,0.0,0.019919314170448787
20260926T191929Z,1,83.38457799999742,1.0,0.0,0.0204236006051437
20260926T191929Z,1,84.6124009999985,1.0,0.0,0.02105395864851234
20260926T191929Z,1,85.87734959999943,1.0,0.0,0.021684316691880978
20260926T191929Z,1,87.07817739999882,0.0,0.0,0.0
20260926T191929Z,1,88.270211199997,1.0,0.0,0.02105395864851234
20260926T191929Z,1,89.47422249999727,1.0,0.0,0.02155824508320725
20260926T191929Z,1,90.69223219999913,1.0,0.0,0.02218860312657589
20260926T191929Z,1,91.90138189999925,1.0,0.0,0.02281896116994453
20260926T191929Z,1,93.16258190000008,0.0,0.0,0.0
20260926T191929Z,1,94.33393189999697,1.0,0.0,0.015128593040847238
20260926T191929Z,1,95.54104219999863,1.0,0.0,0.015758951084215878
20260926T191929Z,1,96.78534959999888,0.0,0.0,0.0
20260926T191929Z,1,98.02353569999832,1.0,0.0,0.015254664649520966
20260926T191929Z,1,99.23410169999988,1.0,0.0,0.015758951084215878
20260926T191929Z,1,100.45921829999861,1.0,0.0,0.016389309127584517
20260926T191929Z,1,101.6264463999978,0.0,0.0,0.0
20260926T191929Z,1,102.79113129999678,1.0,0.0,0.019919314170448787
20260926T191929Z,1,103.95674119999967,1.0,0.0,0.0204236006051437
20260926T191929Z,1,105.17634759999783,1.0,0.0,0.02105395864851234
20260926T191929Z,1,106.4055105999978,1.0,0.0,0.02155824508320725
20260926T191929Z,1,107.57210869999835,1.0,0.0,0.020549672213817427
20260926T191929Z,1,108.74309799999901,1.0,0.0,0.021180030257186067
20260926T191929Z,1,109.9504339999985,1.0,0.0,0.021810388300554706
20260926T191929Z,1,111.17735089999769,0.0,0.0,0.0
20260926T191929Z,1,112.34597839999697,1.0,0.0,0.01966717095310133
20260926T191929Z,1,113.56004199999734,1.0,0.0,0.02029752899646997
20260926T191929Z,1,114.76368889999867,1.0,0.0,0.020801815431164883
20260926T191929Z,1,116.02006609999808,1.0,0.0,0.021432173474533522
20260926T191929Z,1,117.24255019999691,1.0,0.0,0.019541099344427604
20260926T191929Z,1,118.42175689999931,1.0,0.0,0.020171457387796243
20260926T191929Z,1,119.58719310000015,1.0,0.0,0.020801815431164883
20260926T191929Z,1,120.75298850000036,1.0,0.0,0.021306101865859794
20260926T191929Z,1,121.95892699999968,1.0,0.0,0.015128593040847238
20260926T191929Z,1,123.14841859999797,1.0,0.0,0.01563287947554215
20260926T191929Z,1,124.32210699999996,1.0,0.0,0.01626323751891079
20260926T191929Z,1,125.50353519999771,1.0,0.0,0.01689359556227943
20260926T191929Z,1,126.75061519999872,0.0,0.0,0.0
20260926T191929Z,1,127.9526079999996,1.0,0.0,0.01979324256177506
20260926T191929Z,1,129.21565869999904,1.0,0.0,0.0204236006051437
20260926T191929Z,1,130.44288400000005,1.0,0.0,0.02105395864851234
20260926T191929Z,1,131.6605615999979,1.0,0.0,0.02155824508320725
20260926T191929Z,1,132.83352889999878,0.0,0.0,0.0
20260926T191929Z,1,134.00741489999928,1.0,0.0,0.01853252647503778
20260926T191929Z,1,135.28857209999842,1.0,0.0,0.01916288451840642
20260926T191929Z,1,136.5145881999997,1.0,0.0,0.01979324256177506
20260926T191929Z,1,137.68926459999784,0.0,0.0,0.0
20260926T191929Z,1,138.8544484999984,1.0,0.0,0.01979324256177506
20260926T191929Z,1,140.02009859999816,1.0,0.0,0.0204236006051437
20260926T191929Z,1,141.22905909999827,1.0,0.0,0.02092788703983861
20260926T191929Z,1,142.43694159999723,0.0,0.0,0.0
20260926T191929Z,1,143.61126239999794,0.0,0.0,0.0
20260926T191929Z,1,144.7805903999979,1.0,0.0,0.026853252647503822
20260926T191929Z,1,146.00995249999687,1.0,0.0,0.027357539082198734
20260926T191929Z,1,147.21723249999923,1.0,0.0,0.027987897125567374
20260926T191929Z,1,148.442485399999,1.0,0.0,0.028492183560262174
20260926T191929Z,1,149.6688824999983,0.0,0.0,0.0
20260926T191929Z,1,150.91331259999788,1.0,0.0,0.019919314170448787
20260926T191929Z,1,152.1223579999969,1.0,0.0,0.020549672213817427
20260926T191929Z,1,153.33607029999985,1.0,0.0,0.021180030257186067
20260926T191929Z,1,154.5543340999975,1.0,0.0,0.021684316691880978
20260926T191929Z,1,155.72250829999757,0.0,0.0,0.0
20260926T191929Z,1,156.90070039999773,1.0,0.0,0.01966717095310133
20260926T191929Z,1,158.06823099999747,1.0,0.0,0.020171457387796243
20260926T191929Z,1,159.29389769999761,1.0,0.0,0.020801815431164883
20260926T191929Z,1,160.5302335999986,0.0,0.0,0.0
20260926T191929Z,1,161.7096989999991,0.0,0.0,0.0
20260926T191929Z,1,162.8819377999971,0.0,0.0,0.0
20260926T191929Z,1,164.06510009999693,0.0,0.0,0.0
20260926T191929Z,1,165.234149099997,0.0,0.0,0.0
20260926T191929Z,1,166.44205659999716,1.0,0.0,0.08383761976802828
20260926T191929Z,1,167.64855739999985,1.0,0.0,0.0843419062027232
20260926T191929Z,1,168.82102899999882,1.0,0.0,0.08472012102874438
20260926T191929Z,1,170.24628449999727,0.0,0.0,0.0
20260926T191929Z,1,171.42084229999818,0.0,0.0,0.0
20260926T191929Z,1,172.58671609999874,0.0,0.0,0.0
20260926T191929Z,1,173.76040359999752,0.0,0.0,0.0
20260926T191929Z,1,175.0032059999976,1.0,0.0,0.05711043872919819
20260926T191929Z,1,176.52274479999687,1.0,0.0,0.0576147251638931
20260926T191929Z,1,177.75149309999688,1.0,0.0,0.05824508320726174
20260926T191929Z,1,178.9287320000003,1.0,0.0,0.01500252143217351
20260926T191929Z,1,180.13120929999786,1.0,0.0,0.01563287947554215
20260926T191929Z,1,181.34748760000002,1.0,0.0,0.01626323751891079
20260926T191929Z,1,182.54002089999994,0.0,0.0,0.0
20260926T191929Z,1,183.7999294000001,1.0,0.0,0.012985375693393864
20260926T191929Z,1,184.98533069999758,1.0,0.0,0.013615733736762503
20260926T191929Z,1,186.18338210000002,1.0,0.0,0.014246091780131143
20260926T191929Z,1,187.37054109999735,1.0,0.0,0.014876449823499782
20260926T191929Z,1,188.574034199999,1.0,0.0,0.015380736258194694
20260926T191929Z,1,189.80075329999818,1.0,0.0,0.01966717095310133
20260926T191929Z,1,191.05520239999896,1.0,0.0,0.02029752899646997
20260926T191929Z,1,192.26561310000034,1.0,0.0,0.02092788703983861
20260926T191929Z,1,193.468764199999,1.0,0.0,0.021432173474533522
20260926T191929Z,1,194.66504949999944,1.0,0.0,0.022062531517902162
20260926T191929Z,1,195.883797399998,0.0,0.0,0.0
20260926T191929Z,1,197.0613295999974,0.0,0.0,0.0
20260926T191929Z,1,198.2526515999998,0.0,0.0,0.0
20260926T191929Z,1,199.41902309999932,0.0,0.0,0.0
20260926T191929Z,1,200.61796109999705,1.0,0.0,0.08383761976802828
20260926T191929Z,1,201.8123706999977,1.0,0.0,0.0843419062027232
20260926T191929Z,1,202.99968649999937,1.0,0.0,0.0848461926374181
20260926T191929Z,1,204.20516990000033,0.0,0.0,0.0
20260926T191929Z,1,205.38309429999936,1.0,0.0,0.015380736258194694
20260926T191929Z,1,206.60433019999982,1.0,0.0,0.015885022692889605
20260926T191929Z,1,207.785701599998,0.0,0.0,0.0
20260926T191929Z,1,208.9727729999977,0.0,0.0,0.0
20260926T191929Z,1,210.1592279999968,0.0,0.0,0.0
20260926T191929Z,1,211.32419689999733,0.0,0.0,0.0
20260926T191929Z,1,212.58325849999892,0.0,0.0,0.0
20260926T191929Z,1,213.82198229999995,1.0,0.0,0.08383761976802828
20260926T191929Z,1,214.9895620999996,1.0,0.0,0.0843419062027232
20260926T191929Z,1,216.17290389999835,1.0,0.0,0.0848461926374181
20260926T191929Z,1,217.40062469999975,1.0,0.0,0.0853504790721129
20260926T191929Z,1,218.62896819999878,1.0,0.0,0.08585476550680782
20260926T191929Z,1,219.80701629999749,1.0,0.0,0.086232980332829
20260926T191929Z,1,220.97757119999733,1.0,0.0,0.08673726676752391
20260926T191929Z,1,222.20500149999862,1.0,0.0,0.08724155320221882
20260926T191929Z,1,223.3909980999997,1.0,0.0,0.08774583963691374
20260926T191929Z,1,224.58671159999722,0.0,0.0,0.0
20260926T191929Z,1,225.77955379999912,1.0,0.0,0.019541099344427604
20260926T191929Z,1,226.95582680000007,1.0,0.0,0.020171457387796243
20260926T191929Z,1,228.12475099999938,1.0,0.0,0.020801815431164883
20260926T191929Z,1,229.33788659999846,1.0,0.0,0.021306101865859794
20260926T191929Z,1,230.53168599999844,1.0,0.0,0.021936459909228434
20260926T191929Z,1,231.71710189999794,0.0,0.0,0.0
20260926T191929Z,1,232.94270689999757,1.0,0.0,0.013867876954109959
20260926T191929Z,1,234.1445810999976,1.0,0.0,0.014498234997478598
20260926T191929Z,1,235.36376489999748,1.0,0.0,0.015128593040847238
20260926T191929Z,1,236.5311032999998,1.0,0.0,0.01689359556227943
20260926T191929Z,1,237.7012545999969,1.0,0.0,0.017523953605647957
20260926T191929Z,1,238.92511549999836,1.0,0.0,0.01802824004034287
20260926T191929Z,1,240.1508114999997,1.0,0.0,0.01865859808371151
20260926T191929Z,1,241.35903150000013,1.0,0.0,0.019288956127080148
20260926T191929Z,1,242.54594989999896,1.0,0.0,0.019919314170448787
20260926T191929Z,1,243.7500334999968,0.0,0.0,0.0
20260926T191929Z,1,244.997897199999,0.0,0.0,0.0
20260926T191929Z,1,246.1705683,0.0,0.0,0.0
20260926T191929Z,1,247.3444380999972,0.0,0.0,0.0
20260926T191929Z,1,248.50870569999825,0.0,0.0,0.0
20260926T191929Z,1,249.7107834999988,1.0,0.0,0.05736258194654564
20260926T191929Z,1,250.90872039999886,1.0,0.0,0.057866868381240555
20260926T191929Z,1,252.1450358000002,0.0,0.0,0.0
20260926T191929Z,1,253.33297390000007,0.0,0.0,0.0
20260926T191929Z,1,254.50488219999897,0.0,0.0,0.0
20260926T191929Z,1,255.68675859999712,0.0,0.0,0.0
20260926T191929Z,1,256.89128699999856,0.0,0.0,0.0
20260926T191929Z,1,258.12018119999993,1.0,0.0,0.08408976298537574
20260926T191929Z,1,259.31175169999915,1.0,0.0,0.08446797781139692
20260926T191929Z,1,260.53481420000026,1.0,0.0,0.08497226424609183
20260926T191929Z,1,261.70159280000007,0.0,0.0,0.0
20260926T191929Z,1,262.88121409999803,1.0,0.0,0.01979324256177506
20260926T191929Z,1,264.0504191999971,1.0,0.0,0.0204236006051437
20260926T191929Z,1,265.2549951000001,1.0,0.0,0.02092788703983861
20260926T191929Z,1,266.4949192999993,0.0,0.0,0.0
20260926T191929Z,1,267.696645,1.0,0.0,0.020171457387796243
20260926T191929Z,1,268.9388799999979,1.0,0.0,0.020675743822491155
20260926T191929Z,1,270.1125867999981,1.0,0.0,0.021306101865859794
20260926T191929Z,1,271.3753703000002,0.0,0.0,0.0
20260926T191929Z,1,272.6406161999985,1.0,0.0,0.01979324256177506
20260926T191929Z,1,273.8690209999986,1.0,0.0,0.0204236006051437
20260926T191929Z,1,275.0964372999988,1.0,0.0,0.02105395864851234
20260926T191929Z,1,276.6682187999977,0.0,0.0,0.0
20260926T191929Z,1,277.83446829999957,1.0,0.0,0.01966717095310133
20260926T191929Z,1,279.00702869999805,1.0,0.0,0.02029752899646997
20260926T191929Z,1,280.26801609999893,1.0,0.0,0.020801815431164883
20260926T191929Z,1,281.4876191999974,1.0,0.0,0.021432173474533522
20260926T191929Z,2,0.19994849999784492,0.0,0.0,0.0
20260926T191929Z,2,1.3978018999987398,1.0,0.0,0.013741805345436231
20260926T191929Z,2,2.6491833000000042,2.0,0.0,0.02458396369137672
20260926T191929Z,2,3.8545883999977377,1.0,0.0,0.021684316691880978
20260926T191929Z,2,5.0283025999997335,2.0,0.0,0.031013615733736732
20260926T191929Z,2,6.213922099999763,1.0,0.0,0.0204236006051437
20260926T191929Z,2,7.386997800000245,2.0,0.0,0.030131114473020637
20260926T191929Z,2,8.835249799998564,1.0,0.0,0.020675743822491155
20260926T191929Z,2,10.007577299998957,1.0,0.0,0.01966717095310133
20260926T191929Z,2,11.179947399999946,1.0,0.0,0.020171457387796243
20260926T191929Z,2,12.35029719999875,1.0,0.0,0.020801815431164883
20260926T191929Z,2,13.520958099998097,2.0,0.0,0.09417549167927386
20260926T191929Z,2,14.690864500000316,2.0,0.0,0.09518406454866368
20260926T191929Z,2,15.878265100000135,1.0,0.0,0.08459404942007065
20260926T191929Z,2,17.063158799999655,2.0,0.0,0.09404942007060013
20260926T191929Z,2,18.26946979999775,1.0,0.0,0.02029752899646997
20260926T191929Z,2,19.47578319999957,2.0,0.0,0.025466464952092815
20260926T191929Z,2,20.665414399998554,2.0,0.0,0.026601109430156367
20260926T191929Z,2,21.880446099999972,1.0,0.0,0.016515380736258245
20260926T191929Z,2,23.04604769999787,2.0,0.0,0.023575390821986897
20260926T191929Z,2,24.217736499998864,2.0,0.0,0.024836106908724176
20260926T191929Z,2,25.434154799997486,2.0,0.0,0.025844679778114
20260926T191929Z,2,26.64644480000061,1.0,0.0,0.021306101865859794
20260926T191929Z,2,27.89448149999953,1.0,0.0,0.015380736258194694
20260926T191929Z,2,29.06815799999822,2.0,0.0,0.0204236006051437
20260926T191929Z,2,30.27642249999917,1.0,0.0,0.016011094301563333
20260926T191929Z,2,31.464446199999657,1.0,0.0,0.015254664649520966
20260926T191929Z,2,32.63775739999983,2.0,0.0,0.024710035300050448
20260926T191929Z,2,33.81011619999845,2.0,0.0,0.025970751386787727
20260926T191929Z,2,35.08030189999772,1.0,0.0,0.02092788703983861
20260926T191929Z,2,36.246945799997775,0.0,0.0,0.0
20260926T191929Z,2,37.42326680000042,0.0,0.0,0.0
20260926T191929Z,2,38.66937440000038,0.0,0.0,0.0
20260926T191929Z,2,40.28838729999916,0.0,0.0,0.0
20260926T191929Z,2,41.51002789999984,0.0,0.0,0.0
20260926T191929Z,2,42.7398534999993,0.0,0.0,0.0
20260926T191929Z,2,43.95319000000018,0.0,0.0,0.0
20260926T191929Z,2,45.18413270000019,2.0,0.0,0.060892586989410025
20260926T191929Z,2,46.375526899999386,2.0,0.0,0.06190115985879985
20260926T191929Z,2,47.60782299999846,2.0,0.0,0.06290973272818956
20260926T191929Z,2,48.89209209999899,2.0,0.0,0.06391830559757938
20260926T191929Z,2,50.38953099999708,1.0,0.0,0.059001512859304106
20260926T191929Z,2,51.64295560000028,2.0,0.0,0.06845688350983359
20260926T191929Z,2,52.86557840000023,2.0,0.0,0.06946545637922341
20260926T191929Z,2,54.082699099999445,2.0,0.0,0.07047402924861323
20260926T191929Z,2,55.576067999998486,2.0,0.0,0.07148260211800306
20260926T191929Z,2,56.780535599998984,0.0,0.0,0.0
20260926T191929Z,2,57.976749199999176,1.0,0.0,0.02092788703983861
20260926T191929Z,2,59.19578460000048,1.0,0.0,0.02155824508320725
20260926T191929Z,2,66.09622369999852,0.0,0.0,0.0
20260926T191929Z,2,73.68493390000003,0.0,0.0,0.0
20260926T191929Z,2,74.8769962999977,0.0,0.0,0.0
20260926T191929Z,2,80.61154769999848,0.0,0.0,0.0
20260926T191929Z,2,84.68095790000007,0.0,0.0,0.0
20260926T191929Z,2,91.46231350000016,0.0,0.0,0.0
20260926T191929Z,2,109.52986070000043,0.0,0.0,0.0
20260926T191929Z,2,116.59110919999875,0.0,0.0,0.0
20260926T191929Z,2,117.76878379999835,1.0,0.0,0.01979324256177506
20260926T191929Z,2,119.5700414999992,2.0,0.0,0.030383257690368093
20260926T191929Z,2,120.79547989999992,2.0,0.0,0.031517902168431644
20260926T191929Z,2,122.0694287999977,2.0,0.0,0.032652546646495195
20260926T191929Z,2,123.25172979999843,0.0,0.0,0.0
20260926T191929Z,2,124.4817578000002,0.0,0.0,0.0
20260926T191929Z,2,125.73914560000048,0.0,0.0,0.0
20260926T191929Z,2,128.1812100999996,0.0,0.0,0.0
20260926T191929Z,2,129.8185400000002,0.0,0.0,0.0
20260926T191929Z,2,130.99111859999903,2.0,0.0,0.02874432677760963
20260926T191929Z,2,132.17570820000037,2.0,0.0,0.029752899646999453
20260926T191929Z,2,133.416438799999,2.0,0.0,0.031013615733736732
20260926T191929Z,2,134.68034999999873,1.0,0.0,0.021432173474533522
20260926T191929Z,2,135.8937358999974,1.0,0.0,0.015128593040847238
20260926T191929Z,2,137.07505129999845,2.0,0.0,0.024710035300050448
20260926T191929Z,2,138.29208689999723,2.0,0.0,0.025970751386787727
20260926T191929Z,2,139.70513749999736,2.0,0.0,0.027231467473525006
20260926T191929Z,2,140.9457741999977,2.0,0.0,0.02924861321230454
20260926T191929Z,2,142.1162234000003,1.0,0.0,0.018784669692385236
20260926T191929Z,2,143.28253499999846,2.0,0.0,0.028492183560262174
20260926T191929Z,2,144.48448079999798,2.0,0.0,0.029752899646999453
20260926T191929Z,2,145.67502479999894,1.0,0.0,0.021180030257186067
20260926T191929Z,2,147.1036638000005,0.0,0.0,0.0
20260926T191929Z,2,148.27641949999816,1.0,0.0,0.020171457387796243
20260926T191929Z,2,149.47592219999933,2.0,0.0,0.03618255168935958
20260926T191929Z,2,150.6848355999973,2.0,0.0,0.0371911245587494
20260926T191929Z,2,151.9083759999994,2.0,0.0,0.03845184064548668
20260926T191929Z,2,153.14516569999978,2.0,0.0,0.0394604135148765
20260926T191929Z,2,154.3556202999971,2.0,0.0,0.04059505799293994
20260926T191929Z,2,155.55927469999733,0.0,0.0,0.0
20260926T191929Z,2,156.73081230000025,1.0,0.0,0.020045385779122515
20260926T191929Z,2,157.90045439999813,1.0,0.0,0.020675743822491155
20260926T191929Z,2,159.07528499999898,0.0,0.0,0.0
20260926T191929Z,2,160.25386069999877,0.0,0.0,0.0
20260926T191929Z,2,161.44503839999743,1.0,0.0,0.08396369137670201
20260926T191929Z,2,162.6518861000004,2.0,0.0,0.13010590015128598
20260926T191929Z,2,163.8757532999989,2.0,0.0,0.1307362581946545
20260926T191929Z,2,165.1078329999982,2.0,0.0,0.1316187594553706
20260926T191929Z,2,166.31656229999862,1.0,0.0,0.05811901159858801
20260926T191929Z,2,167.5165280000001,2.0,0.0,0.017145738779626774
20260926T191929Z,2,168.71024209999814,2.0,0.0,0.018406454866364053
20260926T191929Z,2,169.88658909999867,2.0,0.0,0.019415027735753876
20260926T191929Z,2,171.06574009999895,1.0,0.0,0.014498234997478598
20260926T191929Z,2,172.23531009999715,2.0,0.0,0.02395360564800808
20260926T191929Z,2,173.45725669999956,1.0,0.0,0.02029752899646997
20260926T191929Z,2,174.641661499998,1.0,0.0,0.02092788703983861
20260926T191929Z,2,175.84744569999748,1.0,0.0,0.02155824508320725
20260926T191929Z,2,177.01290309999968,1.0,0.0,0.022062531517902162
20260926T191929Z,2,178.18377820000023,2.0,0.0,0.08787191124558746
20260926T191929Z,2,179.35285619999922,2.0,0.0,0.08875441250630356
20260926T191929Z,2,180.56397540000034,2.0,0.0,0.08976298537569338
20260926T191929Z,2,181.79220299999724,0.0,0.0,0.0
20260926T191929Z,2,182.96175519999815,1.0,0.0,0.019541099344427604
20260926T191929Z,2,184.14236789999995,1.0,0.0,0.020171457387796243
20260926T191929Z,2,185.31765710000036,1.0,0.0,0.020801815431164883
20260926T191929Z,2,186.49267129999862,1.0,0.0,0.021306101865859794
20260926T191929Z,2,187.66259399999763,1.0,0.0,0.021936459909228434
20260926T191929Z,2,188.82813270000042,2.0,0.0,0.08648512355017646
20260926T191929Z,2,190.05801090000023,2.0,0.0,0.08749369641956628
20260926T191929Z,2,191.27967699999863,2.0,0.0,0.08837619768028238
20260926T191929Z,2,192.4722210999971,2.0,0.0,0.08925869894099847
20260926T191929Z,2,193.63947689999986,2.0,0.0,0.0902672718103883
20260926T191929Z,2,194.87063399999897,1.0,0.0,0.08635905194150273
20260926T191929Z,2,196.08750599999985,2.0,0.0,0.09316691880988404
20260926T191929Z,2,197.32178399999975,2.0,0.0,0.09417549167927386
20260926T191929Z,2,198.5481880999978,2.0,0.0,0.09493192133131623
20260926T191929Z,2,199.73158609999882,1.0,0.0,0.01853252647503778
20260926T191929Z,2,200.90236939999886,1.0,0.0,0.01916288451840642
20260926T191929Z,2,202.07083639999837,1.0,0.0,0.01979324256177506
20260926T191929Z,2,203.2381385999979,2.0,0.0,0.06593545133635903
20260926T191929Z,2,204.44519310000032,2.0,0.0,0.06643973777105394
20260926T191929Z,2,205.66837069999747,1.0,0.0,0.0576147251638931
20260926T191929Z,2,206.83146909999778,1.0,0.0,0.05811901159858801
20260926T191929Z,2,207.99385769999935,0.0,0.0,0.0
20260926T191929Z,2,209.15976849999788,1.0,0.0,0.019919314170448787
20260926T191929Z,2,210.33060479999767,2.0,0.0,0.09354513363590522
20260926T191929Z,2,211.52335239999957,2.0,0.0,0.09455370650529504
20260926T191929Z,2,212.72282549999727,1.0,0.0,0.08497226424609183
20260926T191929Z,2,213.89565179999772,1.0,0.0,0.019919314170448787
20260926T191929Z,2,215.07035879999967,2.0,0.0,0.02937468482097827
20260926T191929Z,2,216.25635279999915,2.0,0.0,0.03050932929904182
20260926T191929Z,2,217.48099999999977,2.0,0.0,0.03164397377710537
20260926T191929Z,2,218.65496939999866,0.0,0.0,0.0
20260926T191929Z,2,219.8505785999987,1.0,0.0,0.020045385779122515
20260926T191929Z,2,221.01716099999976,1.0,0.0,0.020549672213817427
20260926T191929Z,2,222.22941319999882,1.0,0.0,0.021180030257186067
20260926T191929Z,4,0.2308056999972905,0.0,0.0,0.0
20260926T191929Z,4,1.5509559999991325,1.0,0.0,0.013363590519415047
20260926T191929Z,4,2.7183725999966555,4.0,0.0,0.041729702471003494
20260926T191929Z,4,3.903906299998198,4.0,0.0,0.04387291981845687
20260926T191929Z,4,5.251786299999367,3.0,0.0,0.04185577407967722
20260926T191929Z,4,6.484070899998187,2.0,0.0,0.030383257690368093
20260926T191929Z,4,7.667398300000059,3.0,0.0,0.03315683308119011
20260926T191929Z,4,8.838793499999156,3.0,0.0,0.03479576399394857
20260926T191929Z,4,10.072267299998202,4.0,0.0,0.10917801311144726
20260926T191929Z,4,11.309894099998928,4.0,0.0,0.11106908724155318
20260926T191929Z,4,12.485119199998735,2.0,0.0,0.09543620776601114
20260926T191929Z,4,13.659947799998918,4.0,0.0,0.10955622793746844
20260926T191929Z,4,14.837259599997196,4.0,0.0,0.03366111951588502
20260926T191929Z,4,16.06707649999953,4.0,0.0,0.035678265254664665
20260926T191929Z,4,17.236009999996895,3.0,0.0,0.032022188603126556
20260926T191929Z,4,18.6875043,2.0,0.0,0.019541099344427604
20260926T191929Z,4,19.85202279999794,3.0,0.0,0.029752899646999453
20260926T191929Z,4,21.023199999999633,4.0,0.0,0.07614725163893088
20260926T191929Z,4,22.19976829999723,3.0,0.0,0.07173474533535051
20260926T191929Z,4,23.378501499999402,4.0,0.0,0.08194654563792236
20260926T191929Z,4,24.561969499998668,3.0,0.0,0.07778618255168934
20260926T191929Z,4,25.727609999998094,4.0,0.0,0.08232476046394355
20260926T191929Z,4,26.89625889999661,4.0,0.0,0.08421583459404947
20260926T191929Z,4,28.12757479999709,4.0,0.0,0.08585476550680782
20260926T191929Z,4,29.327584799997567,2.0,0.0,0.02634896621280891
20260926T191929Z,4,30.498387399999046,4.0,0.0,0.045890065557236515
20260926T191929Z,4,31.72344339999836,4.0,0.0,0.04790721129601616
20260926T191929Z,4,32.89920489999713,3.0,0.0,0.03706505295007567
20260926T191929Z,4,34.068048299999646,3.0,0.0,0.04147755925365604
20260926T191929Z,4,35.27505979999842,3.0,0.0,0.04009077155824503
20260926T191929Z,4,36.46491429999878,3.0,0.0,0.03479576399394857
20260926T191929Z,4,37.638948099996924,4.0,0.0,0.045259707513867875
20260926T191929Z,4,38.82868309999685,4.0,0.0,0.04362077660110941
20260926T191929Z,4,40.039170499996544,3.0,0.0,0.03479576399394857
20260926T191929Z,4,41.25054109999837,3.0,0.0,0.03908219868885532
20260926T191929Z,4,42.45140899999751,2.0,0.0,0.02937468482097827
20260926T191929Z,4,43.66037149999829,4.0,0.0,0.05496722138174481
20260926T191929Z,4,44.8700895999973,2.0,0.0,0.03668683812405449
20260926T191929Z,4,46.05524359999981,3.0,0.0,0.04677256681795261
20260926T191929Z,4,47.22456909999892,3.0,0.0,0.048285426122037345
20260926T191929Z,4,48.40917139999874,3.0,0.0,0.04979828542612208
20260926T191929Z,4,49.61390119999851,1.0,0.0,0.022314674735249618
20260926T191929Z,4,50.83122029999868,3.0,0.0,0.10010085728693896
20260926T191929Z,4,52.051128099999914,4.0,0.0,0.1464952092788704
20260926T191929Z,4,53.24060919999829,3.0,0.0,0.13502269288956126
20260926T191929Z,4,54.43330909999713,4.0,0.0,0.13830055471507818
20260926T191929Z,4,55.649004999999306,4.0,0.0,0.13993948562783665
20260926T191929Z,4,56.822038299997075,4.0,0.0,0.07564296520423597
20260926T191929Z,4,58.0000063999978,3.0,0.0,0.02760968229954619
20260926T191929Z,4,59.17610449999847,3.0,0.0,0.029500756429651998
20260926T191929Z,4,60.401906600000075,3.0,0.0,0.031013615733736732
20260926T191929Z,4,61.65582579999682,2.0,0.0,0.09467977811396877
20260926T191929Z,4,62.88055849999728,3.0,0.0,0.10451336359051944
20260926T191929Z,4,64.06469209999705,3.0,0.0,0.09657085224407469
20260926T191929Z,4,65.24498089999906,3.0,0.0,0.09795763993948559
20260926T191929Z,4,66.42450229999667,3.0,0.0,0.030761472516389277
20260926T191929Z,4,67.60527719999664,4.0,0.0,0.10514372163388808
20260926T191929Z,4,68.80915859999732,2.0,0.0,0.09102370146243066
20260926T191929Z,4,70.03014709999843,2.0,0.0,0.09203227433182049
20260926T191929Z,4,71.23586869999781,2.0,0.0,0.09291477559253658
20260926T191929Z,4,72.41625959999874,3.0,0.0,0.13943519919314173
20260926T191929Z,4,73.60263339999801,3.0,0.0,0.1396873424104892
20260926T191929Z,4,74.82692279999901,4.0,0.0,0.21394351991931415
20260926T191929Z,4,76.07982249999986,4.0,0.0,0.21533030761472516
20260926T191929Z,4,77.37671989999944,3.0,0.0,0.20751386787695414
20260926T191929Z,4,78.69576279999819,2.0,0.0,0.1611195158850227
20260926T191929Z,4,80.29523789999803,1.0,0.0,0.08749369641956628
20260926T191929Z,4,81.54138979999698,4.0,0.0,0.11409480584972265
20260926T191929Z,4,82.76513109999723,3.0,0.0,0.03857791225416041
20260926T191929Z,4,84.01307659999657,4.0,0.0,0.048915784165405984
20260926T191929Z,4,85.25133839999762,3.0,0.0,0.04072112960161367
20260926T191929Z,4,86.44650669999828,2.0,0.0,0.031517902168431644
20260926T191929Z,4,87.63723669999672,1.0,0.0,0.021306101865859794
20260926T191929Z,8,0.5429131999990204,0.0,0.0,0.0
20260926T191929Z,8,1.9711806000013894,1.0,0.0,0.013993948562783687
20260926T191929Z,8,3.142345000000205,3.0,0.0,0.027231467473525006
20260926T191929Z,8,4.325020899999799,6.0,0.0,0.061396873424104936
20260926T191929Z,8,5.48897930000021,7.0,0.0,0.07299546142208779
20260926T191929Z,8,6.667216000001645,7.0,0.0,0.07602118003025715
20260926T191929Z,8,7.841074899999512,7.0,0.0,0.06656580937972767
20260926T191929Z,8,9.021957699998893,7.0,0.0,0.0598840141200202
20260926T191929Z,8,10.225039600001764,4.0,0.0,0.030383257690368093
20260926T191929Z,8,11.433134700000664,4.0,0.0,0.03429147755925366
20260926T191929Z,8,12.612288799999078,5.0,0.0,0.08131618759455372
20260926T191929Z,8,13.793748100000812,6.0,0.0,0.09518406454866368
20260926T191929Z,8,14.965539500000887,7.0,0.0,0.10010085728693896
20260926T191929Z,8,16.144746800000576,8.0,0.0,0.17586989409984877
20260926T191929Z,8,17.435164300000906,6.0,0.0,0.16250630358043372
20260926T191929Z,8,18.60852860000159,7.0,0.0,0.1746091780131115
20260926T191929Z,8,19.783712000000378,8.0,0.0,0.18885526979324252
20260926T191929Z,8,20.953074400000332,5.0,0.0,0.10022692889561269
20260926T191929Z,8,22.139371799999935,8.0,0.0,0.1234241048915784
20260926T191929Z,8,23.31736109999838,7.0,0.0,0.07261724659606661
20260926T191929Z,8,24.495515999999043,7.0,0.0,0.07274331820474034
20260926T191929Z,8,25.66809579999972,6.0,0.0,0.06933938477054968
20260926T191929Z,8,26.839315400000487,8.0,0.0,0.08925869894099847
20260926T191929Z,8,28.02085829999851,5.0,0.0,0.06568330811901157
20260926T191929Z,8,29.20990929999971,6.0,0.0,0.06316187594553702
20260926T191929Z,8,30.387304799998674,6.0,0.0,0.0644225920322743
20260926T191929Z,8,31.5512138999984,7.0,0.0,0.11056480080685827
20260926T191929Z,8,32.757818699999916,6.0,0.0,0.10249621785173979
20260926T191929Z,8,33.929831000001286,5.0,0.0,0.0871154815935451
20260926T191929Z,8,35.11087419999967,5.0,0.0,0.14914271306101867
20260926T191929Z,8,36.295010800000455,5.0,0.0,0.112077660110943
20260926T191929Z,8,37.46791060000032,7.0,0.0,0.1896116994452849
20260926T191929Z,8,38.67565079999986,6.0,0.0,0.18809884014120015
20260926T191929Z,8,39.86291580000034,4.0,0.0,0.10451336359051944
20260926T191929Z,8,41.13653559999875,5.0,0.0,0.11510337871911247
20260926T191929Z,8,42.31017549999888,6.0,0.0,0.16187594553706508
20260926T191929Z,8,43.50610020000022,5.0,0.0,0.08875441250630356
20260926T191929Z,8,44.673616299998685,7.0,0.0,0.17612203731719622
20260926T191929Z,8,45.8520228999987,6.0,0.0,0.16729702471003527
20260926T191929Z,8,47.02979950000008,7.0,0.0,0.24079677256681797
20260926T191929Z,8,48.1947923000007,6.0,0.0,0.1955370650529501
20260926T191929Z,8,49.44225340000048,5.0,0.0,0.12317196167423095
20260926T191929Z,8,50.66189719999966,5.0,0.0,0.1251891074130106
20260926T191929Z,8,51.8926019999999,2.0,0.0,0.09581442259203232
20260926T191929Z,8,53.12081300000136,1.0,0.0,0.08585476550680782
20260926T191929Z,8,54.305193100000906,1.0,0.0,0.08635905194150273
20260926T191929Z,8,55.52535400000124,1.0,0.0,0.08686333837619764
20260926T191929Z,8,56.69209879999835,1.0,0.0,0.08736762481089255
20260926T191929Z,8,57.90841949999958,1.0,0.0,0.08774583963691374
20260926T191929Z,16,0.3965336000001116,0.0,0.0,0.0
20260926T191929Z,16,1.628535700001521,1.0,0.0,0.013741805345436231
20260926T191929Z,16,2.8116195000002335,4.0,0.0,0.041099344427634854
20260926T191929Z,16,3.983422299999802,8.0,1.0,0.0644225920322743
20260926T191929Z,16,5.167830599999434,8.0,3.0,0.0680786686838124
20260926T191929Z,16,6.338563699999213,8.0,5.0,0.06568330811901157
20260926T191929Z,16,7.6288123000013,7.0,5.0,0.06454866364094802
20260926T191929Z,16,8.822446199999831,8.0,5.0,0.07438224911749869
20260926T191929Z,16,10.006016600000294,8.0,7.0,0.08194654563792236
20260926T191929Z,16,11.265819100000954,8.0,6.0,0.1438477054967221
20260926T191929Z,16,12.446315900000627,8.0,5.0,0.14309127584467973
20260926T191929Z,16,13.615058400002454,8.0,6.0,0.14624306606152293
20260926T191929Z,16,14.790021000000706,8.0,4.0,0.18166918809884014
20260926T191929Z,16,15.95466099999976,8.0,6.0,0.18166918809884014
20260926T191929Z,16,17.128820000001724,8.0,7.0,0.18772062531517897
20260926T191929Z,16,18.303913899999316,8.0,6.0,0.12039838628340893
20260926T191929Z,16,19.49163220000264,8.0,5.0,0.12178517397881994
20260926T191929Z,16,20.67890299999999,8.0,4.0,0.1183812405446294
20260926T191929Z,16,21.864499100000103,8.0,4.0,0.11951588502269284
20260926T191929Z,16,23.04486000000179,8.0,5.0,0.12695410993444278
20260926T191929Z,16,24.21817320000264,8.0,5.0,0.12178517397881994
20260926T191929Z,16,25.391308500002197,8.0,5.0,0.08245083207261727
20260926T191929Z,16,26.559133999999176,8.0,4.0,0.1424609178013111
20260926T191929Z,16,27.86527560000104,8.0,3.0,0.1796520423600605
20260926T191929Z,16,29.0295036000025,8.0,5.0,0.18040847201210286
20260926T191929Z,16,30.194160099999863,8.0,6.0,0.18318204740292487
20260926T191929Z,16,31.364463900001283,7.0,7.0,0.16805345436207764
20260926T191929Z,16,32.527798499999335,8.0,2.0,0.23625819465456377
20260926T191929Z,16,33.78965470000185,8.0,2.0,0.23877962682803833
20260926T191929Z,16,34.95900690000053,8.0,2.0,0.2377710539586485
20260926T191929Z,16,36.18510850000166,8.0,4.0,0.24357034795764
20260926T191929Z,16,37.351764200000616,7.0,4.0,0.23436712052445785
20260926T191929Z,16,38.56323980000161,8.0,3.0,0.2454614220877458
20260926T191929Z,16,39.7475059999997,8.0,2.0,0.18229954614220878
20260926T191929Z,16,40.9706651000015,8.0,1.0,0.18885526979324252
20260926T191929Z,16,42.21823460000087,7.0,0.0,0.2068835098335855
20260926T191929Z,16,43.447734299999865,6.0,0.0,0.19793242561775093
20260926T191929Z,16,44.672783800000616,5.0,0.0,0.18910741301058998
20260926T191929Z,16,45.89106530000208,5.0,0.0,0.1909984871406959
20260926T191929Z,16,47.12722510000094,2.0,0.0,0.09808371154815931
20260926T191929Z,16,48.34715750000032,1.0,0.0,0.08787191124558746
20260926T191929Z,32,0.49533729999893694,0.0,0.0,0.0
20260926T191929Z,32,2.2137136999990616,0.0,0.0,0.0
20260926T191929Z,32,3.499106800001755,1.0,0.0,0.013741805345436231
20260926T191929Z,32,4.6687296999989485,4.0,0.0,0.032652546646495195
20260926T191929Z,32,5.840444199999183,8.0,3.0,0.06051437216338884
20260926T191929Z,32,7.096412200000486,8.0,5.0,0.0689611699445285
20260926T191929Z,32,8.328925000001618,8.0,4.0,0.07387796268280378
20260926T191929Z,32,9.503519500001858,8.0,7.0,0.07186081694402424
20260926T191929Z,32,10.701805400000012,8.0,12.0,0.06631366616238021
20260926T191929Z,32,11.890950000000885,8.0,16.0,0.06996974281391832
20260926T191929Z,32,13.070257700001093,8.0,18.0,0.06454866364094802
20260926T191929Z,32,14.238026099999843,8.0,16.0,0.06656580937972767
20260926T191929Z,32,15.508593700000347,8.0,15.0,0.07236510337871915
20260926T191929Z,32,16.782756900000095,8.0,16.0,0.10968229954614217
20260926T191929Z,32,17.963436599999113,8.0,16.0,0.11258194654563791
20260926T191929Z,32,19.17772319999858,8.0,17.0,0.11573373676248111
20260926T191929Z,32,20.558534700001474,8.0,17.0,0.11674230963187093
20260926T191929Z,32,21.729077799998777,8.0,15.0,0.08194654563792236
20260926T191929Z,32,22.903514900001028,8.0,16.0,0.08308119011598591
20260926T191929Z,32,24.078142800000933,8.0,16.0,0.0902672718103883
20260926T191929Z,32,25.31228750000082,8.0,15.0,0.09215834594049421
20260926T191929Z,32,26.49233749999985,8.0,15.0,0.09594049420070605
20260926T191929Z,32,27.695579300001555,8.0,15.0,0.09934442763489659
20260926T191929Z,32,28.906929500000842,8.0,11.0,0.14372163388804837
20260926T191929Z,32,30.141060599999037,8.0,9.0,0.18204740292486132
20260926T191929Z,32,31.36778830000185,8.0,9.0,0.18318204740292487
20260926T191929Z,32,32.589479199999914,8.0,8.0,0.18091275844679777
20260926T191929Z,32,33.755507199999556,8.0,7.0,0.17990418557740795
20260926T191929Z,32,34.94380589999855,8.0,7.0,0.1828038325769037
20260926T191929Z,32,36.12523620000138,8.0,5.0,0.18292990418557742
20260926T191929Z,32,37.34181570000146,8.0,4.0,0.25378214826021184
20260926T191929Z,32,38.562961700001324,8.0,3.0,0.2893343419062028
20260926T191929Z,32,39.78777550000086,8.0,3.0,0.2909732728189611
20260926T191929Z,32,41.00232880000112,8.0,2.0,0.35463943519919316
20260926T191929Z,32,42.17356500000096,8.0,2.0,0.35678265254664654
20260926T191929Z,32,43.411879499999486,8.0,0.0,0.38048411497730716
20260926T191929Z,32,44.63372960000197,6.0,0.0,0.29740292486132125
20260926T191929Z,32,45.839007700000366,5.0,0.0,0.25163893091275846
20260926T191929Z,32,47.07895429999917,5.0,0.0,0.2531517902168432
20260926T191929Z,32,48.2999224999985,3.0,0.0,0.1696923852748361
20260926T191929Z,32,49.481930199999624,2.0,0.0,0.09644478063540096
20260926T191929Z,32,50.68569790000038,1.0,0.0,0.08635905194150273
20260926T191929Z,32,51.85764840000047,1.0,0.0,0.08686333837619764
20260926T191929Z,32,53.09642359999998,1.0,0.0,0.08736762481089255
20260926T191929Z,32,54.270450100000744,1.0,0.0,0.08787191124558746
