image_id,status,visual_tokens,error
0,200,282,
1,200,1202,
2,200,1082,
3,200,1082,
4,200,1082,
5,200,1430,
6,200,1082,
7,200,488,
8,200,1082,
9,200,488,
10,200,488,
11,200,488,
12,200,488,
13,200,1082,
14,200,1430,
15,200,488,
16,200,1082,
17,200,1202,
18,200,488,
19,200,488,
20,200,1082,
21,200,1202,
22,200,1082,
23,200,1082,
24,200,488,
25,200,1082,
26,200,882,
27,200,1082,
28,200,1428,
29,200,1082,
30,200,1082,
31,200,1430,
32,200,1430,
33,200,488,
34,200,202,
35,200,1082,
36,200,1430,
37,200,488,
38,200,1430,
39,200,1082,
40,200,282,
41,200,722,
42,200,1430,
43,200,1430,
44,200,1082,
45,200,1082,
46,200,1082,
47,200,1082,
48,200,1082,
49,200,488,
50,200,1082,
51,200,882,
52,200,1082,
53,200,1082,
54,200,1082,
55,200,1082,
56,200,1428,
57,200,488,
58,200,1430,
59,200,1454,
60,200,882,
61,200,488,
62,200,1082,
63,200,962,
64,200,1428,
65,200,1430,
66,200,1082,
67,200,282,
68,200,488,
69,200,1430,
70,200,1454,
71,200,488,
72,200,1082,
73,200,1082,
74,200,1430,
75,200,282,
76,200,1082,
77,200,1430,
78,200,1430,
79,200,488,
80,200,282,
81,200,1430,
82,200,1082,
83,200,1082,
84,200,762,
85,200,1454,
86,200,488,
87,200,1082,
88,200,1082,
89,200,1082,
90,200,1454,
91,200,72,
92,200,488,
93,200,1082,
94,200,1082,
95,200,1082,
96,200,1082,
97,200,287,
98,200,1446,
99,200,1082,
